typed ident      	       identifier        	typ	 coord1 (ICRS,J2000/2000)  	Mag U 	Mag B 	Mag V 	Mag R 	Mag I 	  spec. type   	#bib	#not
1  	HD 10700               	* tau Cet                	PM*	026.01701409 -15.93747951  	 4.43 	 4.22 	 3.50 	 2.88 	 2.41 	G8V            	 974	   1
2  	HD 22049               	* eps Eri                	BY*	053.23268735 -09.45825866  	 5.19 	 4.61 	 3.73 	 3.00 	 2.54 	K2V            	1542	   1
3  	HD 197481              	V* AU Mic                	BY*	311.28971448 -31.34090070  	     ~	10.05 	 8.627	 9.078	 6.593	M1VeBa1        	 784	   0
4  	HD 39060               	* bet Pic                	*  	086.82119870 -51.06651143  	 4.13 	 4.03 	 3.86 	 3.74 	 3.58 	A6V            	1482	   1
5  	HD 14082B              	HD 14082B                	*  	034.3530746 +28.7417794    	     ~	 8.33 	 7.74 	     ~	     ~	G2V            	  65	   1
6  	HIP 11437              	V* AG Tri                	BY*	036.8718929 +30.9734989    	     ~	11.3  	10.12 	 9.32 	 8.78 	K7V            	  65	   1
7  	HD 29391               	* c Eri                  	PM*	069.40055143 -02.47354857  	     ~	 5.486	 5.209	     ~	     ~	F0IV           	 118	   0
8  	HD 35850               	V* AF Lep                	RS*	081.7698462 -11.9009633    	     ~	 6.832	 6.295	     ~	     ~	F8V(n)k:       	 170	   0
9  	2MASS J10423011-3340162	V* CE Ant                	TT*	160.625466 -33.671169      	     ~	12.21 	10.91 	     ~	 9.10 	M2Ve           	 121	   1
10 	HD 38678               	* zet Lep                	*  	086.73892066 -14.82194998  	     ~	 3.637	 3.525	     ~	     ~	A2IV-V(n)      	 261	   0
11 	HD 141569              	HD 141569                	pr*	237.4906183 -03.9212061    	 7.22 	 7.20 	 7.12 	 7.00 	 7.04 	A2V(e)kB9mB9_lB	 411	   0
12 	GJ 14                  	BD+40 45                 	PM*	004.2765587 +40.9482972    	     ~	10.36 	 9.00 	 8.2  	 7.5  	M0.5V          	  93	   0
13 	HD 1404                	* sig And                	** 	004.58190606 +36.78522519  	 4.64 	 4.57 	 4.52 	 4.44 	 4.44 	A2V            	 124	   0
14 	HD 2262                	* kap Phe                	*  	006.55084095 -43.67983137  	 4.22 	 4.11 	 3.94 	 3.78 	 3.70 	A5IVn          	 127	   0
15 	HD 3196                	* 13 Cet                 	RS*	008.81199867 -03.59284352  	     ~	 5.748	 5.201	     ~	     ~	F7V+G4V        	 266	   0
16 	HD 4747                	HD 4747                  	SB*	012.3615188 -23.2124692    	 8.244	 7.927	 7.155	 6.732	 6.344	G8/K0V         	  97	   0
17 	GJ 54                  	CD-68 47                 	** 	017.59542810 -67.44495913  	12.515	11.368	 9.824	 8.73 	 7.353	M2.5V          	  67	   0
18 	HD 7570                	* nu. Phe                	PM*	018.79633957 -45.53166538  	 5.65 	 5.54 	 4.96 	 4.47 	 4.11 	F9VFe+0.4      	 207	   0
19 	HD 11171               	* chi Cet                	*  	027.39626317 -10.68640761  	 5.04 	 5.00 	 4.68 	 4.38 	 4.22 	F0V            	 160	   0
20 	HD 13161               	* bet Tri                	SB*	032.38594634 +34.98729706  	 3.26 	 3.14 	 3.00 	 2.86 	 2.78 	A5III          	 193	   0
21 	HD 14055               	* gam Tri                	PM*	034.32861264 +33.84719307  	     ~	 4.03 	 4.00 	     ~	 4.05 	A1Vnn          	 168	   0
22 	HD 20320               	* zet Eri                	SB*	048.95844401 -08.81972834  	 5.11 	 5.03 	 4.80 	 4.59 	 4.47 	kA4hA9mA9V     	 123	   0
23 	HD 20794               	* e Eri                  	PM*	049.98187889 -43.06978264  	 5.20 	 4.98 	 4.27 	 3.65 	 3.25 	G6V            	 348	   1
24 	HD 22484               	* 10 Tau                 	PM*	054.21826346 +00.40166192  	 5.23 	 5.15 	 4.30 	 4.09 	 3.77 	F9IV-V         	 487	   0
25 	HD 23281               	HD 23281                 	*  	055.89097394 -10.48565525  	 5.88 	 5.80 	 5.61 	 5.40 	 5.30 	A5III-IV       	  66	   0
26 	HD 23754               	* tau06 Eri              	PM*	056.71203413 -23.24972349  	     ~	 4.65 	 4.20 	     ~	     ~	F5IV-V         	 158	   0
27 	HD 27290               	* gam Dor                	gD*	064.00660767 -51.48665014  	     ~	 4.55 	 4.20 	     ~	     ~	F1V            	 260	   0
28 	HD 32450               	HD 32450                 	PM*	075.61841792 -21.25664453  	10.97 	 9.77 	 8.317	 7.405	 6.492	K7V            	  82	   0
29 	HD 39091               	* pi. Men                	PM*	084.2912000 -80.4691233    	     ~	 6.25 	 5.67 	     ~	     ~	G0V            	 183	   1
30 	GJ 285                 	V* YZ CMi                	BY*	116.16739172 +03.55245417  	13.761	12.831	11.225	 9.958	 8.263	M4.0Ve         	 712	   0
31 	HD 71243               	* alf Cha                	*  	124.63147162 -76.91972123  	     ~	 4.448	 4.047	     ~	     ~	F5VFe-0.8      	  83	   0
32 	HD 76932               	HD 76932                 	PM*	134.6830529 -16.1327272    	 6.47 	 6.39 	 5.86 	     ~	     ~	G2VFe-1.8CH-1  	 339	   0
33 	HD 87696               	* 21 LMi                 	dS*	151.85734566 +35.24469347  	 4.74 	 4.67 	 4.49 	 4.31 	 4.24 	A7V(n)         	 197	   0
34 	HD 88955               	* q Vel                  	*  	153.68398221 -42.12194258  	 3.98 	 3.90 	 3.85 	 3.83 	 3.81 	A2Va           	 108	   0
35 	HD 110411              	* rho Vir                	dS*	190.47106907 +10.23562633  	 5.00 	 4.97 	 4.88 	 4.80 	 4.78 	A0Va_lB        	 190	   0
36 	HD 111631              	HD 111631                	PM*	192.6815283 -00.7681300    	11.187	 9.892	 8.470	 7.59 	 6.752	M0V            	 179	   0
37 	HD 115617              	* 61 Vir                 	PM*	199.60130946 -18.31119576  	 5.710	 5.440	 4.740	     ~	     ~	G6.5V          	 519	   1
38 	HD 115892              	* iot Cen                	PM*	200.14923904 -36.71229019  	 2.77 	 2.76 	 2.73 	 2.68 	 2.69 	kA15hA3mA3va   	 171	   0
39 	HD 124580              	HD 124580                	PM*	213.91118804 -45.00075673  	     ~	 6.900	 6.305	     ~	     ~	G0V            	  56	   0
40 	HD 125162              	* lam Boo                	dS*	214.09591165 +46.08830570  	 4.31 	 4.26 	 4.18 	 4.16 	 4.13 	A0Va_lB        	 303	   0
41 	HD 129502              	* mu. Vir                	PM*	220.76509509 -05.65820353  	 4.25 	 4.26 	 3.88 	 3.48 	 3.26 	F2V            	 193	   0
42 	HD 133640              	* i Boo                  	WU*	225.94706520 +47.65406188  	     ~	 5.41 	 4.76 	     ~	     ~	G0Vn           	 508	   0
43 	HD 139006              	* alf CrB                	Al*	233.67195002 +26.71469278  	 2.19 	 2.22 	 2.24 	 2.21 	 2.25 	A1IV           	 437	   0
44 	HD 156164              	* del Her                	** 	258.75796074 +24.83920697  	 3.29 	 3.21 	 3.13 	 3.08 	 3.05 	A1IVn+G4IV-V   	 170	   0
45 	HD 160032              	* lam Ara                	V* 	265.09927004 -49.41558375  	     ~	 5.17 	 4.77 	     ~	     ~	F4V            	  90	   0
46 	HD 172555              	HD 172555                	PM*	281.36208536 -64.87126105  	     ~	 4.967	 4.767	     ~	     ~	A7V            	 195	   0
47 	HD 180161              	HD 180161                	BY*	288.0473187 +57.6719797    	     ~	 7.83 	 7.04 	 6.5  	 6.1  	G8V            	  68	   0
48 	HD 179930              	CD-46 12902              	** 	289.178812 -45.889353      	12.044	10.817	 9.356	 8.432	 7.478	M0Vk:          	  39	   0
49 	HD 184006              	* iot Cyg                	*  	292.42649467 +51.72977939  	     ~	 3.899	 3.755	     ~	     ~	A5V            	 109	   0
50 	HD 188228              	* eps Pav                	V* 	300.14814824 -72.91050549  	     ~	 3.927	 3.940	     ~	     ~	A0Va           	  96	   0
51 	HD 204961              	HD 204961                	PM*	323.39156386 -49.00900533  	11.359	10.176	 8.672	 7.665	 6.479	M2/3V          	 161	   1
52 	HD 213398              	* bet PsA                	PM*	337.87637660 -32.34607371  	 4.32 	 4.30 	 4.29 	 4.27 	 4.25 	A1Va           	  74	   0
53 	HD 213845              	* ups Aqr                	PM*	338.67348505 -20.70821609  	     ~	 5.64 	 5.20 	     ~	     ~	F7V            	 102	   0
54 	HD 215789              	* eps Gru                	SB*	342.13874302 -51.31686115  	     ~	 3.556	 3.466	     ~	     ~	A2IVn          	 107	   0
55 	HD 218511              	LTT 9379                 	PM*	347.42063023 -67.73282449  	     ~	 9.59 	 8.39 	     ~	     ~	K6V            	  41	   0
56 	HD 219571              	* gam Tuc                	*  	349.35738424 -58.23573020  	 4.35 	 4.37 	 3.98 	 3.57 	 3.33 	F4V            	 138	   0
57 	HD 222368              	* iot Psc                	V* 	354.98767240 +05.62629098  	 4.640	 4.620	 4.120	 3.68 	 3.37 	F7V            	 543	   0
58 	HD 223352              	* del Scl                	** 	357.23144407 -28.13027069  	 4.55 	 4.58 	 4.57 	 4.53 	 4.55 	A0Vnp          	 114	   0
59 	GJ 4063                	GJ 4063                  	BD*	278.6526886 +40.1239978    	     ~	13.15 	11.464	11.104	10.1  	M4V            	  37	   0
60 	2MASS J22480446-2422075	* alf PsA C              	** 	342.01862 -24.36875        	     ~	14.301	12.624	12.216	 9.674	M4.0Ve         	  37	   0
61 	HD 166                 	HD 166                   	BY*	001.6532675 +29.0215033    	     ~	 6.88 	 6.13 	 5.6  	 5.2  	K0V            	 281	   1
62 	HD 17925               	HR 857                   	RS*	043.13386817 -12.76971367  	 7.48 	 6.91 	 6.05 	 5.34 	 4.89 	K1V            	 426	   0
63 	HD 30495               	* 58 Eri                 	BY*	071.90121452 -16.93445593  	     ~	 6.14 	 5.50 	     ~	     ~	G2.5IV-V       	 335	   0
64 	HD 110897              	* 10 CVn                 	PM*	191.2475213 +39.2789158    	 6.47 	 6.50 	 5.95 	 5.41 	 5.12 	F9V_Fe-0.3     	 307	   0
65 	HD 131511              	V* DE Boo                	RS*	223.34902808 +19.15280036  	     ~	 6.84 	 6.01 	 5.5  	 5.1  	K0.5V          	 220	   0
66 	HD 219482              	HD 219482                	PM*	349.24035881 -62.00120078  	     ~	 6.146	 5.647	     ~	     ~	F6V            	  85	   0
67 	HD 71155               	* 30 Mon                 	PM*	126.41513338 -03.90642162  	 3.85 	 3.88 	 3.90 	 3.87 	 3.92 	A0Va           	 240	   0
68 	HD 95418               	* bet UMa                	V* 	165.46031890 +56.38242609  	 2.35 	 2.35 	 2.37 	 2.31 	 2.35 	A1IVps         	 381	   1
69 	HD 102647              	* bet Leo                	dS*	177.26490976 +14.57205806  	 2.30 	 2.22 	 2.13 	 2.08 	 2.06 	A3Va           	 505	   0
70 	HD 109085              	* eta Crv                	V* 	188.01761054 -16.19600458  	     ~	 4.69 	 4.31 	     ~	     ~	F2V            	 237	   0
71 	HD 128167              	* sig Boo                	V* 	218.67007081 +29.74512750  	 4.76 	 4.84 	 4.47 	 4.13 	 3.94 	F4VkF2mF1      	 527	   0
72 	HD 33262               	* zet Dor                	PM*	076.37773654 -57.47270450  	     ~	 5.215	 4.708	     ~	     ~	F9VFe-0.5      	 186	   0
73 	HD 5133                	HD 5133                  	PM*	013.2547288 -30.3569139    	 8.801	 8.11 	 7.171	 6.639	 6.179	K2.5Vk:        	 127	   0
74 	HD 9826                	* ups And                	SB*	024.19934235 +41.40545674  	 4.70 	 4.64 	 4.10 	 3.64 	 3.35 	F9V            	 844	   1
75 	HD 19994               	* 94 Cet                 	** 	048.19348828 -01.19610035  	     ~	 5.631	 5.070	     ~	     ~	F8.5V          	 361	   1
76 	HD 23356               	HD 23356                 	PM*	055.9805954 -19.1108978    	 8.711	 8.012	 7.081	 6.555	 6.098	K2V            	  78	   0
77 	HD 23484               	LTT 1764                 	PM*	056.0382208 -38.2817697    	 8.449	 7.875	 6.996	 6.516	 6.09 	K2V            	  91	   0
78 	HD 40307               	HD 40307                 	*  	088.51766631 -60.02347159  	 8.814	 8.097	 7.147	 6.597	 6.119	K2.5V          	 153	   1
79 	HD 40136               	* eta Lep                	*  	089.10122085 -14.16769969  	 4.05 	 4.05 	 3.72 	 3.39 	 3.23 	F2V            	 297	   0
80 	HD 48682               	* psi05 Aur              	PM*	101.68474242 +43.57742412  	     ~	 5.798	 5.246	 4.9  	 4.7  	F9V            	 206	   0
81 	HD 50692               	* 37 Gem                 	*  	103.82778154 +25.37569870  	     ~	 6.343	 5.748	     ~	     ~	G0V            	 151	   0
82 	HD 72905               	V* pi.01 UMa             	BY*	129.7987692 +65.0209067    	 6.33 	 6.26 	 5.64 	 5.12 	 4.79 	G1.5Vb         	 462	   0
83 	HD 76151               	HD 76151                 	PM*	133.57478356 -05.43446063  	 6.89 	 6.67 	 6.00 	     ~	     ~	G2V            	 423	   0
84 	HD 90839               	* 36 UMa                 	PM*	157.65658364 +55.98053678  	     ~	 5.335	 4.820	 4.5  	 4.3  	F8V            	 273	   0
85 	HD 102438              	HD 102438                	PM*	176.8158654 -30.2865111    	     ~	 7.16 	 6.48 	     ~	     ~	G6V            	 106	   0
86 	HD 115953              	HD 115953                	** 	199.94022068 +47.77804192  	     ~	10.02 	 8.54 	 8.700	     ~	M2V            	 100	   0
87 	HD 117176              	* 70 Vir                 	PM*	202.1075358 +13.7787881    	 5.930	 5.680	 4.970	 4.37 	 3.98 	G4Va           	 629	   1
88 	HD 128165              	HD 128165                	V* 	218.3702825 +52.9087908    	     ~	 8.22 	 7.23 	 6.7  	 6.2  	K3V            	  99	   0
89 	HD 132254              	HD 132254                	PM*	224.0960017 +49.6284500    	     ~	 6.13 	 5.60 	 5.3  	 5.1  	F8-V           	  99	   0
90 	HD 158633              	HD 158633                	PM*	261.2504063 +67.3067078    	     ~	 7.19 	 6.43 	 5.9  	 5.6  	K0V            	 141	   0
91 	HD 199260              	HR 8013                  	V* 	314.19721378 -26.29637653  	     ~	 6.20 	 5.70 	     ~	     ~	F6V            	  82	   0
92 	HD 206860              	V* HN Peg                	BY*	326.13053828 +14.77193906  	     ~	 6.53 	 5.950	 6.16 	 5.3  	G0V            	 394	   1
93 	HD 207129              	LTT 8704                 	PM*	327.06562709 -47.30361562  	     ~	 6.18 	 5.58 	     ~	     ~	G2V            	 246	   0
94 	HD 217357              	HD 217357                	PM*	345.0671763 -22.5243469    	10.494	 9.251	 7.869	 7.014	 6.238	K7+Vk          	 138	   0
95 	HD 20807               	* zet02 Ret              	** 	049.55341052 -62.50636244  	     ~	 5.84 	 5.24 	     ~	     ~	G1V            	 283	   0
96 	HD 10647               	* q01 Eri                	PM*	025.6221446 -53.7408311    	     ~	 6.05 	 5.52 	     ~	     ~	F9V            	 224	   1
97 	HD 1100                	HD 1100                  	RG*	003.8177808 -06.1382142    	     ~	 8.77 	 7.76 	     ~	     ~	K0III          	   8	   0
98 	HD 131496              	HD 131496                	*  	223.3459512 +18.2354075    	 9.713	 8.828	 7.80 	     ~	     ~	K0             	  20	   1
99 	HD 142091              	* kap CrB                	PM*	237.80804694 +35.65737975  	 6.69 	 5.82 	 4.82 	 4.06 	 3.57 	K1IVa          	 201	   1
100	HD 208585              	HD 208585                	*  	329.22168900 +17.43978357  	     ~	 8.94 	 8.00 	     ~	     ~	K0             	   5	   0
101	HD 210702              	HD 210702                	*  	332.96387858 +16.04055286  	     ~	 6.896	 5.930	     ~	     ~	K0III          	  59	   1
102	HD 128311              	HD 128311                	BY*	219.00233452 +09.74651755  	 9.232	 8.441	 7.446	 6.895	 6.425	K3V            	 228	   1
103	HD 192263              	HD 192263                	BY*	303.4993567 -00.8668806    	 9.447	 8.724	 7.767	 7.231	 6.771	K1/2V          	 180	   1
104	GJ 581                 	BD-07 4003               	BY*	229.8617787 -07.7222747    	13.403	11.76 	10.560	 9.461	 8.911	M3V            	 457	   2
105	HD 218396              	HD 218396                	El*	346.8696479 +21.1342514    	     ~	 6.21 	 5.953	     ~	     ~	F0+VkA5mA5     	 723	   1
106	HD 15407               	HD 15407                 	PM*	037.7110675 +55.5484047    	     ~	 7.43 	 6.95 	     ~	     ~	F5V            	  51	   0
107	HD 121191              	HD 121191                	*  	208.828579 -53.528619      	     ~	 8.40 	 8.16 	     ~	     ~	A5IV/V         	  10	   0
108	HD 131488              	HD 131488                	*  	223.7834425 -41.1203947    	     ~	 8.09 	 8.00 	     ~	     ~	A1V            	   9	   0
109	HD 23514               	HD 23514                 	*iC	056.6599704 +22.9197767    	 9.95 	 9.93 	 9.43 	 8.96 	 8.84 	F5V            	  85	   0
110	HD 15745               	HD 15745                 	PM*	038.2325454 +37.3336222    	     ~	 7.84 	 7.49 	     ~	 7.05 	F0             	  46	   0
111	HD 16743               	HD 16743                 	PM*	039.7815117 -52.9348069    	     ~	 7.13 	 6.77 	     ~	 6.33 	F0/2III/IV     	  26	   0
112	HD 106906              	HD 106906                	*iA	184.47163450 -55.97552473  	     ~	 8.21 	 7.81 	     ~	     ~	F5V            	  65	   1
113	HD 110058              	HD 110058                	*  	189.94248490 -49.19876204  	     ~	 8.12 	 7.97 	     ~	     ~	A0V            	  42	   0
114	HD 114082              	HD 114082                	*iA	197.31746693 -60.30834750  	     ~	 8.64 	 8.21 	     ~	     ~	F3V            	  37	   1
115	HD 115600              	HD 115600                	*iA	199.83141659 -59.47234365  	     ~	 8.59 	 8.22 	     ~	     ~	F2IV/V         	  37	   1
116	HD 191089              	HD 191089                	PM*	302.2717317 -26.2240331    	     ~	 7.62 	 7.18 	     ~	     ~	F5V            	  90	   0
117	HD 221853              	HD 221853                	PM*	353.9006350 +08.3826186    	     ~	 7.75 	 7.34 	     ~	 6.88 	F0             	  28	   0
118	HD 121617              	HD 121617                	*  	209.4213579 -47.0094972    	     ~	 7.36 	 7.29 	     ~	     ~	A1V            	  18	   0
119	HD 192758              	HD 192758                	*  	304.5657925 -42.8600825    	     ~	 7.34 	 7.03 	     ~	     ~	F0V            	  26	   0
120	HD 3670                	HD 3670                  	*  	009.7362629 -52.5342742    	     ~	 8.68 	 8.21 	     ~	     ~	F5V            	  16	   0
121	HD 38206               	HD 38206                 	*  	085.8402954 -18.5574756    	     ~	 5.711	 5.727	     ~	 5.72 	A0V            	  78	   0
122	HD 219025              	V* BI Ind                	RS*	348.46993470 -68.29134024  	     ~	 8.89 	 7.67 	     ~	     ~	K2IIIp         	  27	   0
123	2MASS J00291859+0952308	IRAS F00267+0935         	*  	007.327492 +09.875242      	     ~	10.83 	 9.64 	     ~	     ~	~              	   0	   0
124	2MASS J01174349-5233307	CD-53 251                	*  	019.4312442 -52.5585528    	     ~	11.28 	10.75 	     ~	     ~	F3Ve           	  21	   0
125	2MASS J10230988+6136434	TYC 4144-329-2           	*  	155.7911183 +61.6120664    	     ~	11.35 	10.74 	     ~	     ~	~              	   6	   0
126	2MASS J12295501-3549286	CPD-35 5368              	*  	187.4792058 -35.8246253    	     ~	11.722	10.447	 9.99 	     ~	~              	   5	   0
127	2MASS J12354033-6539414	TYC 9000-82-1            	*  	188.9180000 -65.6615011    	     ~	12.86 	10.25 	     ~	     ~	K              	   7	   0
128	2MASS J13221772+6233380	TYC 4167-629-1           	*  	200.5739363 +62.5605856    	     ~	12.30 	11.24 	     ~	     ~	~              	   0	   0
129	2MASS J13343740-5853322	IRAS 13313-5838          	pA*	203.65583 -58.89231        	     ~	15.0  	13.15 	12.6  	     ~	K5I            	  15	   0
130	2MASS J18030677-3951538	UCAC2 14917288           	*  	270.778212 -39.864972      	     ~	12.5  	     ~	10.8  	10.59 	K              	  11	   0
131	2MASS J19310123+0523533	V* V859 Aql              	LP*	292.7551075 +05.3981906    	     ~	11.64 	10.39 	     ~	     ~	~              	  20	   0
132	2MASS J20111681+3730522	IRAS 20094+3721          	pA*	302.8200500 +37.5144753    	     ~	12.38 	11.21 	     ~	     ~	~              	   5	   0
133	2MASS J22080571+4802097	BD+47 3700               	*  	332.0238563 +48.0360200    	     ~	10.70 	 9.98 	     ~	     ~	G0             	   1	   0
134	2MASS J23222469-0213414	V* BP Psc                	TT*	350.602879 -02.228131      	     ~	13.32 	11.85 	     ~	     ~	G9IIIe         	  27	   0
135	CD-30 11814            	CD-30 11814              	Em*	223.869287 -30.698719      	     ~	11.75 	10.85 	     ~	     ~	G6V            	   2	   0
136	HD 233517              	HD 233517                	*  	125.6946529 +53.0803375    	     ~	10.85 	 9.71 	     ~	     ~	K2             	  74	   0
137	TYC 4004-1409-1        	IRAS 23421+5527          	*  	356.143508 +55.733431      	     ~	13.34 	12.18 	     ~	     ~	~              	   0	   0
138	TYC 6312-824-1         	TYC 6312-824-1           	*  	296.6333050 -15.7300664    	     ~	13.02 	11.80 	     ~	     ~	~              	   0	   0
139	TYC 6687-100-1         	TYC 6687-100-1           	*  	188.425413 -24.574347      	     ~	11.98 	11.80 	     ~	     ~	~              	   0	   0
140	HD 100764              	HD 100764                	C* 	173.9281146 -14.5935183    	     ~	 9.81 	 8.79 	 8.08 	 7.65 	CH             	  92	   0
141	HD 7112                	HD 7112                  	*  	017.4858687 -64.3592094    	     ~	 9.47 	 8.82 	     ~	     ~	G5V            	  14	   0
142	HD 8686                	HD 8686                  	*  	021.4194358 +02.9720547    	     ~	 7.39 	 6.97 	     ~	 6.48 	F3V            	  19	   0
143	HD 21086               	HD 21086                 	*  	051.30571301 +32.37944838  	     ~	 8.99 	 8.44 	     ~	     ~	F8             	   4	   0
144	HD 23208               	HD 23208                 	Ro*	055.6658504 -20.5454517    	     ~	 9.93 	 9.109	     ~	 8.238	G8V            	  27	   0
145	HD 23380               	HD 23380                 	*  	055.8661767 -33.5022678    	     ~	 8.77 	 8.38 	     ~	     ~	F2V            	  10	   0
146	HD 23586               	HD 23586                 	*  	056.7315704 +18.2839761    	     ~	 9.38 	 8.93 	     ~	     ~	F0             	  11	   0
147	HD 24636               	HD 24636                 	PM*	057.0477979 -74.6941167    	     ~	 7.513	 7.127	     ~	     ~	F3IV/V         	  30	   0
148	HD 24649               	HD 24649                 	PM*	058.3634012 -41.2227053    	     ~	 7.73 	 7.22 	     ~	 6.62 	F6V            	  20	   0
149	HD 26736               	HD 26736                 	BY*	063.6346437 +23.5749447    	     ~	 8.711	 8.047	 7.691	 7.356	G5V            	 157	   0
150	HD 28069               	HD 28069                 	PM*	066.4889104 +05.1501453    	     ~	 7.83 	 7.36 	     ~	     ~	F7V            	  81	   0
151	HD 28287               	HD 28287                 	PM*	066.6608371 -28.9520189    	     ~	 9.62 	 8.77 	     ~	 7.92 	G9.5Vk:        	  17	   0
152	HD 282477              	HD 282477                	*  	072.334417 +30.306511      	     ~	10.49 	 9.69 	     ~	     ~	G0             	   5	   0
153	HD 35289               	HD 35289                 	*  	080.3589412 -45.3411842    	     ~	 8.79 	 8.39 	     ~	     ~	F3V            	   4	   0
154	HD 35416               	HD 35416                 	PM*	080.8013171 -31.7487625    	     ~	 7.92 	 7.54 	     ~	 7.08 	F3V_m-1.5      	  26	   0
155	HD 37546               	HD 37546                 	*iN	084.7730521 -05.8975372    	     ~	 8.73 	 8.29 	     ~	     ~	F5V            	   7	   0
156	HD 37852               	HD 37852                 	*  	084.8769629 -40.6840411    	     ~	 8.43 	 8.03 	     ~	 7.60 	B8V            	  10	   0
157	HD 37487               	HD 37487                 	*  	084.8856408 +12.0038772    	     ~	 8.14 	 7.79 	     ~	     ~	F0             	  15	   0
158	HD 38397               	HD 38397                 	Ro*	085.8992037 -39.9235339    	     ~	 8.72 	 8.140	     ~	 7.486	G0V            	  36	   0
159	HD 38273               	HD 38273                 	*  	086.10608706 -05.46475858  	     ~	 8.38 	 7.97 	     ~	     ~	F2V            	  11	   0
160	HD 59659               	HD 59659                 	PM*	112.1252525 -49.1496922    	     ~	 9.30 	 8.79 	     ~	     ~	F7V            	  11	   0
161	HD 83033               	HD 83033                 	*  	142.7494929 -74.1532425    	     ~	 8.58 	 8.20 	     ~	     ~	F3V            	  13	   0
162	HD 88463               	HD 88463                 	*  	152.8520888 -34.7910958    	     ~	 8.60 	 8.20 	     ~	     ~	F2IV           	   8	   0
163	HD 94131               	HD 94131                 	PM*	162.4249754 -71.6541556    	     ~	 7.91 	 7.54 	     ~	     ~	F0/2V          	  15	   0
164	HD 102458              	HD 102458                	Y*O	176.8522658 -49.8841717    	     ~	 9.70 	 9.07 	     ~	 8.40 	G4V            	  65	   0
165	HD 107649              	HD 107649                	*  	185.60356325 -51.02620801  	     ~	 9.26 	 8.78 	     ~	     ~	F5V            	  20	   0
166	HD 111347              	HD 111347                	PM*	192.0917533 +30.7671756    	     ~	 8.47 	 8.02 	     ~	     ~	F7V            	  26	   0
167	HD 111520              	HD 111520                	*  	192.58215550 -49.86359961  	     ~	 9.37 	 8.87 	     ~	     ~	F5/6V          	  24	   0
168	HD 115371              	HD 115371                	V* 	199.37063935 -42.93297433  	     ~	 8.72 	 8.29 	     ~	     ~	F3V            	  10	   0
169	HD 117620              	HD 117620                	*  	203.17702582 -55.82754967  	     ~	 8.52 	 8.11 	     ~	     ~	F2/3V          	  16	   0
170	HD 119152              	HD 119152                	*  	205.46990779 -18.98484568  	     ~	 7.89 	 7.56 	     ~	     ~	F0V            	  14	   0
171	HD 120178              	HD 120178                	*  	207.2883879 -54.2284175    	     ~	 9.40 	 8.89 	     ~	     ~	F5V            	  14	   0
172	HD 120362              	HD 120362                	*  	208.4323533 -78.4136975    	     ~	10.05 	 9.27 	     ~	     ~	G5V            	  18	   0
173	HD 121189              	HD 121189                	*  	208.79164817 -50.74526072  	     ~	 9.06 	 8.68 	     ~	     ~	F3V            	  17	   0
174	HD 133803              	HD 133803                	*  	226.81223602 -29.50448014  	     ~	 8.47 	 8.12 	     ~	     ~	A9V            	  30	   0
175	HD 137949              	* 33 Lib                 	a2*	232.39476389 -17.44094162  	 7.22 	 7.07 	 6.69 	     ~	     ~	F0VspEuGdSr    	 214	   0
176	HD 139731              	HD 139731                	*  	235.15759405 -25.59252113  	     ~	 8.34 	 7.96 	     ~	     ~	F0V            	  15	   0
177	HD 140614              	HD 140614                	PM*	236.1259375 +03.3700394    	     ~	 7.66 	 7.25 	     ~	 6.78 	F3V            	  19	   0
178	HD 145504              	HD 145504                	*  	243.02472577 -23.24574664  	     ~	 9.81 	 9.36 	     ~	     ~	F0V            	   8	   0
179	HD 146621              	HD 146621                	*  	243.9260967 +35.6409708    	     ~	 8.71 	 8.19 	     ~	     ~	F8             	   4	   1
180	HD 149807              	HD 149807                	*  	249.3746517 -11.8698561    	     ~	 8.92 	 8.37 	     ~	     ~	F2IV/V         	  17	   0
181	HD 151376              	HD 151376                	*  	251.9472383 -19.8755419    	     ~	 9.50 	 9.06 	     ~	     ~	F2/3V          	  19	   0
182	HD 151360              	HD 151360                	*  	252.07049205 -31.85031305  	     ~	10.36 	10.00 	     ~	     ~	F3V            	   4	   0
183	HIP 84914              	BD+32 2899               	*  	260.2984104 +32.5360217    	     ~	 9.54 	 8.95 	     ~	     ~	G0             	   5	   0
184	HD 159502              	HD 159502                	*  	263.4951546 +29.0964503    	     ~	 8.52 	 8.16 	     ~	     ~	F5             	   9	   0
185	HD 160305              	HD 160305                	Em*	265.45432148 -50.72445504  	     ~	 8.91 	 8.405	     ~	 7.736	F8/G0V         	  21	   1
186	HD 176894              	HD 176894                	*  	285.1330783 +41.6842467    	     ~	 8.08 	 7.70 	     ~	     ~	F0             	  13	   0
187	HD 179520              	HD 179520                	PM*	288.48481127 -26.87625589  	     ~	 7.46 	 7.10 	     ~	     ~	F3V            	  15	   0
188	HD 183970              	HD 183970                	PM*	292.6667237 +35.1025544    	     ~	 8.35 	 7.82 	     ~	     ~	F5             	  14	   0
189	HD 186025              	HD 186025                	*  	295.4932062 +01.1820658    	     ~	 9.39 	 8.84 	     ~	     ~	F3/5IV/V       	  16	   0
190	HD 189002              	HD 189002                	*  	299.60660990 -14.01180779  	     ~	10.11 	 9.52 	     ~	     ~	F6V            	   4	   0
191	HD 198093              	HD 198093                	*  	312.04487252 -06.02279205  	     ~	 9.05 	 8.46 	     ~	     ~	G2/3V          	   7	   0
192	HD 223408              	HD 223408                	PM*	357.3313579 -27.8542569    	     ~	 7.46 	 6.96 	     ~	 6.37 	F6V            	  22	   0
193	2MASS J08414620+1158296	BD+12 1892               	*  	130.4424688 +11.9748858    	     ~	10.37 	 9.52 	     ~	     ~	K0             	   1	   0
194	2MASS J10204853-1343164	BD-13 3096               	*  	155.2021671 -13.7212639    	     ~	10.53 	 9.70 	 9.18 	 9.295	K2             	   2	   0
195	2MASS J17295506-5415487	CD-54 7336               	Y*O	262.4794900 -54.2635142    	     ~	10.38 	 9.614	     ~	 8.665	K1V            	  22	   0
196	2MASS J20505008+5728212	TYC 3959-578-1           	*  	312.7087000 +57.4726000    	     ~	11.07 	10.30 	     ~	     ~	~              	   0	   0
197	2MASS J23544017-6051340	CD-61 6893               	*  	358.6674050 -60.8594450    	     ~	11.11 	10.01 	     ~	     ~	~              	   0	   0
198	HD 124520              	HD 124520                	*  	213.6230821 -18.3428431    	     ~	 9.75 	 9.14 	     ~	     ~	G3V            	   1	   0
199	HD 278932              	HD 278932                	*  	055.1077150 +33.7078992    	     ~	10.13 	 8.91 	     ~	     ~	G5             	   3	   0
200	HD 48780               	HD 48780                 	*  	101.9727646 +52.2512467    	     ~	 9.55 	 8.88 	     ~	     ~	G5             	   2	   0
201	HD 77056               	HD 77056                 	*  	134.8260800 -24.7288706    	     ~	 9.01 	 8.29 	     ~	     ~	G8V            	   6	   0
202	HD 89452               	HD 89452                 	*  	154.8690925 +06.5829744    	     ~	 9.95 	 9.02 	     ~	     ~	K0             	   1	   0
203	HD 1461                	HD 1461                  	PM*	004.67444682 -08.05300067  	     ~	 7.14 	 6.46 	     ~	     ~	G3VFe0.5       	 276	   1
204	HD 5388                	HD 5388                  	PM*	013.7995412 -47.4059656    	     ~	 7.21 	 6.72 	     ~	     ~	F6V            	  36	   1
205	HD 8907                	HD 8907                  	*  	022.1431658 +42.2676917    	     ~	 7.15 	 6.66 	 6.7  	     ~	F8             	  56	   0
206	HD 38529               	HD 38529                 	PM*	086.64546906 +01.16819325  	     ~	 6.698	 5.924	 5.4  	 5.1  	G8III/IV       	 278	   2
207	HD 38858               	HD 38858                 	PM*	087.1455846 -04.0946453    	 6.71 	 6.61 	 5.97 	     ~	     ~	G2V            	 201	   1
208	HD 40979               	HD 40979                 	PM*	091.1247629 +44.2604431    	     ~	 7.29 	 6.734	 6.4  	 6.1  	F8             	 113	   1
209	HD 53143               	LTT 2715                 	PM*	104.9985629 -61.3361814    	 8.035	 7.609	 6.803	 6.375	 5.99 	G9V            	 109	   0
210	HD 72659               	HD 72659                 	*  	128.5132925 -01.5682144    	     ~	 8.08 	 7.47 	     ~	     ~	G2V            	 106	   1
211	HD 82943               	HD 82943                 	PM*	143.7113979 -12.1295467    	     ~	 7.17 	 6.53 	     ~	     ~	F9VFe+0.5      	 354	   2
212	HD 106252              	HD 106252                	PM*	183.3729554 +10.0416367    	     ~	 8.00 	 7.36 	 7.0  	 6.7  	G0             	 136	   1
213	HD 139664              	* g Lup                  	PM*	235.29740413 -44.66120634  	     ~	 5.04 	 4.64 	     ~	     ~	F3/5V          	 163	   0
214	HD 169830              	HR 6907                  	*  	276.95618136 -29.81686314  	     ~	 6.406	 5.902	 7.01 	     ~	F7V            	 215	   1
215	HD 187085              	HD 187085                	*  	297.39152517 -37.78054846  	     ~	 7.78 	 7.21 	     ~	     ~	G0V            	  57	   1
216	HD 187897              	HD 187897                	*  	298.0391108 +07.4600450    	     ~	 7.75 	 7.13 	     ~	     ~	G5             	  58	   0
217	HD 216435              	* tau01 Gru              	PM*	343.40804871 -48.59828623  	 6.85 	 6.66 	 6.04 	     ~	     ~	G0V            	 143	   1
218	HD 11413               	V* BD Phe                	dS*	027.7268129 -50.2061364    	     ~	 6.080	 5.929	     ~	     ~	A1Va_lB        	  88	   0
219	HD 221756              	* 15 And                 	dS*	353.65640493 +40.23643872  	     ~	 5.652	 5.563	 6.91 	     ~	A1Va           	 118	   0
220	HD 198160              	HD 198160                	PM*	312.910308 -62.429325      	     ~	 6.347	 6.207	 6.55 	     ~	A2III          	  64	   0
221	HD 31295               	* pi.01 Ori              	PM*	073.72386986 +10.15083201  	     ~	 4.723	 4.648	     ~	     ~	A0Va_lB        	 220	   0
222	HD 92945               	V* V419 Hya              	BY*	160.8677988 -29.0642869    	 9.144	 8.596	 7.719	 7.232	 6.806	K1V            	 103	   0
223	HIP 8920               	BD+20 307                	SB*	028.7097683 +21.3062397    	     ~	 9.57 	 9.01 	     ~	     ~	G0             	  78	   0
224	HD 113766              	HD 113766                	** 	196.64931757 -46.03389384  	     ~	 7.91 	 7.56 	     ~	     ~	F3/5V          	  86	   1
225	HD 145263              	HD 145263                	*  	242.72960957 -25.52268484  	     ~	 9.39 	 8.98 	     ~	     ~	F0V            	  47	   1
226	HD 169666              	HD 169666                	PM*	274.7843404 +71.5178558    	     ~	 7.109	 6.678	     ~	     ~	F2V            	  29	   0
227	2MASS J08101691-4856291	2MASS J08101691-4856291  	*  	122.570475 -48.941444      	     ~	15.1  	     ~	13.9  	13.08 	~              	   4	   0
228	TYC 5241-986-1         	TYC 5241-986-1           	*  	344.895825 -07.039692      	     ~	12.78 	11.59 	11.56 	10.36 	K5-6           	   1	   0
229	HD 10939               	* q02 Eri                	PM*	026.5260962 -53.5220350    	     ~	 5.064	 5.033	     ~	     ~	A1V            	  62	   0
230	HD 17848               	* nu. Hor                	PM*	042.2561975 -62.8065225    	     ~	 5.352	 5.253	     ~	     ~	A2V            	  52	   0
231	HD 50571               	HD 50571                 	*  	102.5042292 -60.2491447    	     ~	 6.548	 6.098	 7.26 	     ~	F5VFe+0.4      	  35	   0
232	HD 95086               	HD 95086                 	*  	164.2625896 -68.6673472    	     ~	 7.60 	 7.36 	     ~	     ~	A8III          	  75	   1
233	HD 161868              	* gam Oph                	PM*	266.97316555 +02.70727778  	 3.83 	 3.80 	 3.75 	 3.71 	 3.71 	A1VnkA0mA0     	 340	   0
234	HD 170773              	HR 6948                  	*  	278.25382169 -39.89202134  	     ~	 6.630	 6.217	     ~	     ~	F5V            	  44	   0
235	HD 182681              	HD 182681                	PM*	291.73534518 -29.74322694  	     ~	 5.635	 5.644	     ~	     ~	B8.5V          	  51	   0
236	HD 195627              	* phi01 Pav              	*  	308.89521301 -60.58175156  	     ~	 5.036	 4.745	     ~	     ~	F0V            	  62	   0
237	HD 9672                	* 49 Cet                 	PM*	023.65741183 -15.67636052  	     ~	 5.667	 5.607	     ~	 5.54 	A1V            	 196	   0
238	HD 33636               	HD 33636                 	PM*	077.9435387 +04.4035381    	     ~	 7.64 	 7.06 	 6.6  	 6.3  	G0VCH-0.3      	 141	   1
239	HD 105211              	* eta Cru                	SB*	181.72041250 -64.61372899  	     ~	 4.470	 4.136	     ~	     ~	F2V            	  78	   1
240	HD 50554               	HD 50554                 	PM*	103.6784425 +24.2455578    	     ~	 7.41 	 6.84 	     ~	     ~	F8V            	 141	   1
241	HD 52265               	HD 52265                 	*  	105.0751492 -05.3671614    	     ~	 6.845	 6.282	     ~	     ~	G0V            	 246	   1
242	HD 202206              	HD 202206                	*  	318.74070492 -20.78920939  	     ~	 8.79 	 8.07 	     ~	     ~	G6V            	 164	   1
243	HD 100546              	HD 100546                	Be*	173.3560038 -70.1947889    	     ~	 6.71 	 6.30 	 6.7  	 6.64 	B9Vne          	 524	   1
244	HD 131835              	HD 131835                	*  	224.22695036 -35.69546047  	     ~	 8.05 	 7.86 	     ~	     ~	A2IV           	  44	   0
245	HD 21997               	HD 21997                 	PM*	052.9735292 -25.6141494    	     ~	 6.501	 6.372	     ~	 6.25 	A3IV/V         	  92	   0
246	HD 5578                	V* BW Phe                	BY*	014.2311154 -51.8755156    	     ~	10.61 	 9.053	     ~	 7.882	K3Ve           	  25	   0
247	HD 25402               	HD 25402                 	** 	060.13327160 -41.74844783  	     ~	     ~	     ~	     ~	     ~	G3V            	  17	   0
248	2MASS J04524951-1955016	BD-20 951                	Ro*	073.2063367 -19.9171314    	     ~	11.03 	 9.908	     ~	 8.783	~              	  12	   0
249	2MASS J05510116-5238126	CD-52 1363               	Ro*	087.7548312 -52.6368583    	     ~	11.51 	10.534	     ~	 9.675	G9IV           	   7	   0
250	BD-19 1062             	BD-19 1062               	Ro*	074.8834933 -19.2949178    	     ~	11.61 	10.608	     ~	 9.391	~              	   8	   0
251	HD 272836              	HD 272836                	Ro*	073.2716692 -48.7440914    	     ~	11.67 	10.715	     ~	 9.649	K2V(e)         	  10	   0
252	HD 48370               	HD 48370                 	*  	100.7542663 -02.8886994    	     ~	 8.64 	 7.91 	     ~	     ~	K0V(+G)        	  11	   0
253	HD 51797               	HD 51797                 	Ro*	104.0981154 -46.7819653    	     ~	10.65 	 9.84 	 9.80 	 9.21 	K0V(e)         	  16	   0
254	HD 105                 	HD 105                   	V* 	001.4689362 -41.7530681    	     ~	 8.13 	 7.53 	     ~	     ~	G0V            	 122	   0
255	HD 1466                	HD 1466                  	PM*	004.6088475 -63.4774947    	     ~	 8.00 	 7.46 	     ~	     ~	F8V            	  72	   0
256	HD 3003                	* bet03 Tuc              	** 	008.18294050 -63.03150112  	 5.15 	 5.13 	 5.09 	     ~	     ~	A0V            	  96	   0
257	HD 12039               	V* DK Cet                	BY*	029.4540729 -21.9014842    	     ~	 8.73 	 8.057	     ~	 7.343	G4V            	  93	   1
258	HD 30051               	HD 30051                 	*  	070.82168333 -23.62834471  	     ~	 7.51 	 7.11 	     ~	     ~	F2/3IV/V       	  34	   1
259	HD 32297               	HD 32297                 	*  	075.6143162 +07.4610222    	     ~	 8.32 	 8.14 	     ~	     ~	A0V            	 114	   0
260	HD 109573              	HD 109573                	** 	189.00429585 -39.86950750  	     ~	 5.786	 5.774	     ~	     ~	A0V            	 407	   1
261	HD 181296              	* eta Tel                	** 	290.71335919 -54.42392980  	     ~	 5.035	 5.020	     ~	 4.99 	A0V+M7/8V      	 164	   0
262	HD 202917              	HD 202917                	Ro*	320.2081571 -53.0342097    	     ~	 9.32 	 8.67 	     ~	 7.882	G7V            	 111	   0
263	HD 164249              	HD 164249                	** 	270.76421463 -51.64901025  	     ~	     ~	     ~	     ~	     ~	F6V+M2Ve       	  73	   0
264	HD 181327              	HD 181327                	PM*	290.74559583 -54.53804790  	     ~	 7.50 	 7.04 	     ~	 6.49 	F6V            	 170	   0
265	2MASS J19560438-3207376	TYC 7443-1102-1          	PM*	299.0182139 -32.1271275    	     ~	12.95 	11.589	11.196	10.12 	K9IVe          	  27	   0
266	2MASS J22424896-7142211	CPD-72 2713              	Ro*	340.7038927 -71.7058862    	     ~	11.88 	10.565	10.401	 8.862	K7Ve           	  27	   0
267	HD 35650               	HD 35650                 	Ro*	081.1257067 -38.9696517    	11.54 	10.365	 9.054	 8.293	 7.577	K6V            	  48	   0
268	HD 43989               	V* V1358 Ori             	BY*	094.7835729 -03.4389894    	     ~	 8.52 	 7.95 	     ~	     ~	G0V            	  69	   1
269	HD 76543               	* omi01 Cnc              	*  	134.3122908 +15.3227667    	     ~	 5.373	 5.220	     ~	 5.06 	A5III          	  53	   0
270	HD 76582               	* omi02 Cnc              	*  	134.39666692 +15.58128181  	     ~	 5.892	 5.677	     ~	     ~	F0IV           	  44	   0
271	HD 84870               	HD 84870                 	*  	147.2618546 +34.0853944    	     ~	 7.43 	 7.19 	     ~	 6.94 	A3             	  15	   0
272	HD 85672               	HD 85672                 	*  	148.4964563 +27.6954569    	     ~	 7.75 	 7.58 	     ~	 7.41 	A0             	  15	   0
273	HD 99945               	HD 99945                 	PM*	172.96054630 +81.12725729  	 6.480	 6.360	 6.110	     ~	     ~	kA2hF1mF0      	  42	   0
274	HD 203562              	* bet Equ                	*  	320.72338931 +06.81114083  	     ~	 5.208	 5.148	     ~	     ~	A3V            	  39	   0
275	HD 216956              	* alf PsA                	** 	344.41269272 -29.62223703  	 1.31 	 1.25 	 1.16 	 1.11 	 1.09 	A4V            	1013	   2
276	HD 172167              	* alf Lyr                	dS*	279.23473479 +38.78368896  	 0.03 	 0.03 	 0.03 	 0.07 	 0.10 	A0Va           	2358	   0
277	HD 21641               	HD 21641                 	Be*	052.8880683 +47.8624167    	 6.47 	 6.733	 6.763	     ~	     ~	B8.5V          	  80	   0
278	2MASS J03281868+4839482	V* V488 Per              	BY*	052.07783 +48.66339        	     ~	13.83 	12.83 	     ~	11.95 	K0             	  23	   0
279	HD 35656               	HR 1807                  	*  	081.66178976 +06.86865610  	     ~	 6.387	 6.399	     ~	 6.41 	B9V            	  31	   0
280	HD 37004               	HD 37004                 	*  	083.2349704 -47.6891414    	     ~	 7.82 	 7.70 	     ~	 7.53 	A3V            	   5	   0
281	HD 38805               	HD 38805                 	*  	086.6753783 -36.2313544    	     ~	 6.92 	 6.82 	     ~	 6.74 	A3V            	   5	   0
282	HD 44200               	HD 44200                 	*  	094.9890283 -13.9930142    	     ~	 6.64 	 6.67 	     ~	     ~	B9V            	   8	   0
283	HD 51296               	HD 51296                 	*  	104.3885971 +19.7289169    	     ~	 7.65 	 7.42 	     ~	     ~	A5             	   4	   0
284	HD 57969               	HD 57969                 	PM*	110.0956400 -56.2946472    	     ~	 6.67 	 6.56 	     ~	     ~	A1V            	  13	   0
285	HD 59507               	HD 59507                 	*  	112.9818079 +38.8960661    	     ~	 6.61 	 6.54 	     ~	 6.47 	A2V            	  23	   0
286	HD 66552               	HD 66552                 	*  	121.1887650 +18.8420200    	 6.060	 6.160	 6.210	     ~	 6.21 	B9V            	  28	   0
287	HD 71988               	HD 71988                 	*  	127.7519567 +18.9683839    	     ~	 7.67 	 7.42 	     ~	     ~	A3             	   4	   0
288	HD 74389               	HD 74389                 	*  	131.44550143 +48.87876409  	 7.600	 7.550	 7.480	     ~	     ~	A2V            	  16	   0
289	HD 105857              	HD 105857                	*  	182.77446605 -56.40135868  	     ~	 7.45 	 7.33 	     ~	     ~	A2V            	  16	   0
290	HD 166636              	HD 166636                	*  	273.44785432 -46.31258829  	     ~	 6.85 	 6.81 	     ~	     ~	A1V            	   3	   0
291	HD 174474              	HD 174474                	*  	283.2597792 -48.3609158    	     ~	 6.277	 6.168	     ~	 6.03 	A2V            	  13	   0
292	HD 179933              	* 55 Dra                 	*  	287.4408587 +65.9785144    	 6.250	 6.260	 6.260	     ~	 6.23 	A0V            	  30	   0
293	HD 184327              	HD 184327                	*  	294.62168156 -65.91422582  	     ~	 6.84 	 6.78 	     ~	     ~	A1/2V          	   3	   0
294	HD 201377              	HD 201377                	*  	317.316696 -00.234922      	     ~	 6.814	 6.659	     ~	     ~	A3III/IV       	  12	   0
295	HD 201906              	HR 8111                  	*  	319.56770388 -75.34675494  	     ~	 6.627	 6.605	     ~	 6.56 	A1V            	  14	   0
296	HD 224309              	V* V Cep                 	V* 	359.1158525 +83.1911172    	 6.700	 6.640	 6.570	     ~	     ~	A3V            	  25	   0
297	HD 37306               	HD 37306                 	*  	084.2865508 -11.7755161    	     ~	 6.143	 6.089	     ~	     ~	A1V            	  35	   0
298	HD 192544              	HD 192544                	*  	304.01162428 -16.29568497  	     ~	 7.55 	 7.33 	     ~	 7.09 	A0III          	   4	   0
299	HIP 6276               	BD-12 243                	PM*	020.1344504 -11.4677019    	     ~	 9.19 	 8.39 	     ~	     ~	G9V            	  49	   1
300	HD 13246               	HD 13246                 	PM*	031.8588542 -59.6794286    	     ~	 8.02 	 7.50 	     ~	     ~	F7V            	  53	   0
301	HD 19668               	V* IS Eri                	BY*	047.4261983 -09.5796067    	     ~	 9.27 	 8.49 	     ~	 7.64 	G8/K0V         	  58	   0
302	HD 23267               	HD 23267                 	*  	056.3794287 +42.0069225    	     ~	 6.86 	 6.88 	     ~	     ~	A0             	  17	   0
303	HD 23642               	V* V1229 Tau             	Al*	056.8727237 +24.2883389    	     ~	 6.87 	 6.81 	     ~	 6.74 	A0VpSi+Am      	 153	   0
304	HD 24141               	HD 24141                 	** 	058.43035939 +57.97514216  	 7.92 	 5.967	 5.786	     ~	     ~	kA3hF0mF0      	  62	   0
305	HD 24817               	HD 24817                 	PM*	059.25715913 +06.03997002  	     ~	 6.138	 6.072	     ~	     ~	A0Vn           	  35	   0
306	HD 37286               	HD 37286                 	*  	084.0428975 -28.7080133    	     ~	 6.409	 6.256	     ~	 6.10 	A2III/IV       	  38	   0
307	HD 60737               	HD 60737                 	PM*	114.5685046 +47.7486722    	     ~	 8.323	 7.69 	 7.3  	 7.0  	G0             	  30	   0
308	HD 72687               	HD 72687                 	*  	128.3140800 -29.9565886    	     ~	 8.92 	 8.26 	     ~	     ~	G5V            	  35	   0
309	HD 74873               	* 50 Cnc                 	PM*	131.73341120 +12.10995057  	     ~	 5.992	 5.885	 7.20 	 5.76 	A1Vp           	  72	   0
310	HD 80950               	HR 3721                  	*  	139.36487175 -74.73459069  	     ~	 5.844	 5.857	     ~	     ~	A0V            	  36	   0
311	HD 90905               	HD 90905                 	PM*	157.42595440 +01.49112109  	     ~	 7.449	 6.88 	 6.5  	 6.3  	G1V            	  52	   0
312	HD 92536               	HD 92536                 	*iC	159.8451321 -64.1117883    	 5.95 	 6.238	 6.314	     ~	     ~	B8V            	  48	   0
313	HD 118972              	LTT 5300                 	PM*	205.26737941 -34.46415754  	 8.278	 7.78 	 6.92 	 6.448	 8.390	K0V            	  71	   0
314	HD 125283              	HD 125283                	** 	214.84949773 -37.00290664  	     ~	 6.002	 5.925	     ~	     ~	A2Vn           	  37	   0
315	HD 126135              	HD 126135                	*  	216.18298236 -40.75516275  	     ~	 6.90 	 6.96 	     ~	     ~	B8V            	  36	   0
316	HD 132238              	HR 5579                  	*  	224.80802111 -37.88123018  	     ~	 6.39 	 6.47 	     ~	     ~	B7V            	  37	   0
317	HD 145964              	HR 6051                  	*  	243.62035052 -21.10763485  	     ~	 6.407	 6.405	     ~	     ~	B9V            	  56	   0
318	HD 159170              	HD 159170                	PM*	263.37435467 -05.74480343  	     ~	 5.790	 5.607	     ~	     ~	A5V            	  51	   0
319	HD 220825              	* kap Psc                	a2*	351.73314942 +01.25560833  	 4.94 	 4.98 	 4.94 	 4.87 	 4.90 	A2VpSrCrSi     	 236	   0
320	HD 30422               	V* EX Eri                	dS*	071.6072887 -28.0874458    	     ~	 6.347	 6.173	     ~	     ~	A3Vb_lB        	  94	   0
321	HD 183324              	* c Aql                  	dS*	292.25411644 +01.95044885  	     ~	 5.865	 5.783	     ~	     ~	A0IVp          	 147	   0
322	HD 28355               	* b Tau                  	PM*	067.20901776 +13.04760259  	     ~	 5.226	 5.014	 4.907	 4.795	kA5hF0VmF0     	 153	   0
323	HD 38056               	HD 38056                 	*  	085.3621900 -33.4007419    	     ~	 6.305	 6.342	     ~	 6.37 	B9.5V          	  33	   0
324	HD 70313               	HD 70313                 	PM*	125.95209466 +53.21971151  	 5.760	 5.660	 5.540	     ~	 5.38 	A3Va           	  52	   0
325	HD 71722               	HD 71722                 	*  	126.6050229 -52.8074972    	     ~	 6.097	 6.041	     ~	     ~	A0V            	  30	   0
326	HD 79108               	HR 3651                  	*  	138.05366947 +03.86697543  	     ~	 6.127	 6.131	     ~	     ~	A0V            	  61	   0
327	HD 85301               	HD 85301                 	PM*	148.0698750 +49.1907917    	     ~	 8.450	 7.73 	 7.3  	 6.9  	G5             	  45	   0
328	HD 98673               	HD 98673                 	*  	170.4553704 +57.0748561    	 6.680	 6.600	 6.440	     ~	 6.25 	A7Vn           	  38	   0
329	HD 104860              	HD 104860                	*  	181.1405454 +66.3365869    	     ~	 8.50 	 7.91 	     ~	     ~	F8             	  49	   0
330	HD 136246              	HD 136246                	*  	230.13091078 -28.28710676  	     ~	 7.26 	 7.16 	     ~	     ~	A1V            	  26	   0
331	HD 136482              	HD 136482                	*  	230.54689807 -37.63562547  	     ~	 6.58 	 6.64 	     ~	     ~	B8/9V          	  34	   0
332	HD 138965              	HD 138965                	*  	235.0481479 -70.2278831    	     ~	 6.499	 6.424	     ~	     ~	A1V            	  34	   0
333	HD 141378              	HD 141378                	*  	237.2366542 -03.8185106    	     ~	 5.646	 5.524	     ~	     ~	A5IV-V         	  56	   0
334	HD 145229              	HD 145229                	*  	242.3609479 +11.5744575    	     ~	 8.03 	 7.44 	     ~	     ~	G0             	  49	   0
335	HD 153053              	HD 153053                	*  	255.02616410 -54.59717697  	     ~	 5.816	 5.633	     ~	     ~	A5IV/V         	  27	   0
336	HD 183216              	LTT 7701                 	PM*	292.41905343 -30.79776057  	     ~	 7.74 	 7.14 	     ~	     ~	G2V            	  40	   0
337	HD 191174              	HD 191174                	*  	301.18549458 +63.89020716  	     ~	 6.36 	 6.26 	     ~	     ~	A2II-III       	  20	   1
338	HD 192425              	* rho Aql                	PM*	303.56924526 +15.19760896  	     ~	 5.006	 4.946	     ~	     ~	A1Va           	 105	   0
339	HD 196544              	* iot Del                	SB*	309.45466412 +11.37767655  	     ~	 5.466	 5.418	     ~	     ~	A1IV           	  85	   0
340	HD 215766              	* tau01 Aqr              	*  	341.92820552 -14.05642802  	     ~	 5.650	 5.681	     ~	 5.67 	B9V            	  44	   0
341	HD 159492              	* pi. Ara                	PM*	264.52297967 -54.50043452  	     ~	 5.431	 5.242	     ~	     ~	A5IV/V         	  67	   0
342	GJ 433                 	CD-31 9113               	PM*	173.8622821 -32.5399678    	12.508	11.322	 9.813	 8.821	 7.664	M2V            	  99	   1
343	GJ 649                 	BD+25 3173               	PM*	254.5368733 +25.7441592    	12.342	11.139	 9.655	 8.685	 7.602	M2V            	 130	   1
344	HD 81809               	HD 81809                 	SB*	141.94491636 -06.07118951  	     ~	 6.02 	 5.40 	     ~	     ~	G1.5IV-V       	 244	   0
345	HD 95698               	HD 95698                 	*  	165.60188951 -26.83150588  	     ~	 6.504	 6.202	     ~	     ~	A9III/IV       	  18	   1
346	HD 202444              	* tau Cyg                	dS*	318.69788551 +38.04531782  	 4.140	 4.120	 3.730	 3.38 	 3.14 	F2IV           	 237	   0
347	HD 173608              	* eps02 Lyr D            	*  	281.095767 +39.612767      	     ~	 5.577	 5.38 	     ~	     ~	A7Vn           	  38	   0
348	HD 36546               	HD 36546                 	*  	083.37816675 +24.62881164  	     ~	 7.02 	 6.95 	     ~	 6.90 	B8             	  21	   0
349	HD 132658              	HD 132658                	*  	224.9980413 +12.0239489    	     ~	 9.33 	 8.95 	     ~	     ~	F5             	   3	   0
350	HD 198472              	HD 198472                	PM*	313.17344665 -53.27341141  	     ~	 8.13 	 7.66 	     ~	 7.13 	F5/6V          	  18	   0
351	2MASS J11530385-5606045	IRAS 11505-5549          	*  	178.2661333 -56.1012442    	     ~	13.53 	11.01 	     ~	     ~	~              	   1	   0
352	HD 6798                	HD 6798                  	*  	018.0700717 +79.6739633    	 5.650	 5.620	 5.600	     ~	     ~	A3V            	  48	   0
353	HD 12467               	HD 12467                 	*  	032.3554575 +81.2959439    	 6.260	 6.180	 6.060	     ~	     ~	A1.5V          	  32	   0
354	HD 31392               	HD 31392                 	PM*	073.5175354 -35.4045181    	     ~	 8.40 	 7.61 	     ~	     ~	G9V            	  51	   0
355	HD 40540               	HD 40540                 	*  	089.4691612 -34.4761131    	     ~	 7.82 	 7.54 	     ~	 7.23 	A8IV(m)        	  10	   0
356	HD 44958               	V* V435 Car              	dS*	095.4585804 -51.2377086    	     ~	 6.95 	 6.73 	     ~	     ~	A5V            	  19	   0
357	HD 54341               	HD 54341                 	*  	106.58722042 -43.61074921  	     ~	 6.51 	 6.52 	     ~	     ~	A0V            	  17	   0
358	HD 57703               	HD 57703                 	*  	110.7691917 +18.2734092    	     ~	 7.20 	 6.77 	     ~	     ~	F2             	  19	   0
359	HD 71043               	HD 71043                 	*  	125.72982425 -52.12372973  	     ~	 5.900	 5.887	     ~	     ~	A0V            	  46	   0
360	HD 73350               	V* V401 Hya              	BY*	129.4595575 -06.8068833    	 7.577	 7.394	 6.725	 6.365	 6.029	G8/K0(IV)      	 100	   0
361	HD 75616               	HD 75616                 	*  	133.2753971 +52.3902289    	     ~	 7.41 	 6.99 	     ~	     ~	F5             	  30	   0
362	GJ 9298                	BD+40 2208               	PM*	141.8682092 +39.5049772    	     ~	11.2  	 9.845	 9.453	 8.2  	K4V            	  32	   0
363	HD 165459              	HD 165459                	*  	270.62808549 +58.62726654  	     ~	 6.98 	 6.86 	     ~	 6.70 	A1V            	  27	   0
364	HD 201219              	HD 201219                	PM*	316.9854992 +07.4329431    	     ~	 8.72 	 8.00 	 7.6  	 7.2  	G5             	  40	   0
365	HD 205674              	HD 205674                	PM*	324.33796610 -18.44117943  	     ~	 7.57 	 7.17 	     ~	 6.73 	F3/5IV         	  25	   0
366	HD 218340              	HD 218340                	*  	347.05154250 -63.62816105  	     ~	 9.07 	 8.44 	     ~	     ~	G3V            	  21	   0
367	HD 120534              	HD 120534                	*  	207.6675633 -31.2064319    	     ~	 7.29 	 7.02 	     ~	     ~	A5V+(F)        	  11	   0
368	HD 107146              	HD 107146                	PM*	184.7770917 +16.5482956    	     ~	 7.61 	 7.01 	 6.7  	 6.4  	G2V            	 173	   0
369	HD 202628              	LTT 8444                 	PM*	319.61361997 -43.33465140  	     ~	 7.39 	 6.75 	     ~	     ~	G5V            	 109	   0
370	HD 15115               	HD 15115                 	PM*	036.5676908 +06.2925517    	     ~	 7.15 	 6.80 	 6.8  	 6.33 	F4IV           	 107	   0
371	HD 61005               	HD 61005                 	PM*	113.9477600 -32.2039014    	     ~	 8.96 	 8.22 	     ~	     ~	G8Vk           	 120	   0
372	HD 45184               	HD 45184                 	PM*	096.1828317 -28.7801153    	     ~	 7.01 	 6.39 	 6.24 	 8.94 	G2Va           	 122	   1
373	HD 113337              	HD 113337                	PM*	195.44552787 +63.61022478  	     ~	 6.423	 6.008	 5.8  	 5.6  	F6V            	  63	   1
374	HD 206893              	HD 206893                	*  	326.34127007 -12.78335251  	     ~	 7.11 	 6.67 	     ~	     ~	F5V            	  36	   0
375	HD 127821              	HD 127821                	PM*	217.6919600 +63.1857867    	     ~	 6.513	 6.093	 5.8  	 5.6  	F4IV           	  55	   0
376	HD 37594               	HD 37594                 	*  	084.87979372 -03.56470399  	     ~	 6.260	 5.974	     ~	     ~	A9V            	  61	   0